sensor_id,timestamp,temperature,humidity,location,sensor_type
1007,2025-04-07 11:00:37,30.74,60.98,BuildingB_Floor1,TypeB
1039,2025-04-03 18:50:44,18.44,51.44,BuildingA_Floor1,TypeC
1004,2025-04-05 07:34:26,15.58,34.04,BuildingA_Floor1,TypeC
1065,2025-04-07 15:53:24,23.77,60.75,BuildingB_Floor2,TypeC
1087,2025-04-04 19:02:09,31.35,35.03,BuildingB_Floor2,TypeB
1040,2025-04-05 21:44:30,26.76,45.5,BuildingA_Floor2,TypeB
1011,2025-04-05 14:16:28,23.32,43.13,BuildingB_Floor1,TypeB
1037,2025-04-05 23:32:56,22.41,31.93,BuildingB_Floor1,TypeC
1009,2025-04-05 20:35:19,30.56,43.33,BuildingA_Floor1,TypeB
1051,2025-04-04 15:53:00,32.61,55.53,BuildingB_Floor1,TypeB
1018,2025-04-03 07:58:40,15.82,56.07,BuildingB_Floor1,TypeC
1083,2025-04-06 10:49:55,28.29,60.03,BuildingA_Floor2,TypeC
1062,2025-04-06 20:59:15,27.02,50.4,BuildingA_Floor1,TypeB
1026,2025-04-05 15:43:33,21.74,57.63,BuildingB_Floor2,TypeA
1022,2025-04-06 02:49:15,33.78,31.74,BuildingB_Floor1,TypeA
1056,2025-04-03 05:56:16,22.1,72.73,BuildingB_Floor1,TypeA
1033,2025-04-05 15:49:27,29.65,64.7,BuildingA_Floor1,TypeC
1041,2025-04-07 19:45:39,29.88,39.56,BuildingB_Floor1,TypeA
1095,2025-04-06 20:26:32,18.61,45.76,BuildingB_Floor2,TypeB
1018,2025-04-07 14:02:27,21.75,46.77,BuildingA_Floor2,TypeB
1059,2025-04-05 21:02:15,30.75,72.05,BuildingB_Floor1,TypeC
1056,2025-04-07 11:55:54,30.75,39.2,BuildingB_Floor2,TypeA
1006,2025-04-06 15:06:33,18.47,68.4,BuildingA_Floor1,TypeA
1083,2025-04-06 09:25:21,19.82,73.92,BuildingA_Floor2,TypeA
1076,2025-04-07 21:37:18,27.12,47.4,BuildingB_Floor1,TypeA
1080,2025-04-06 03:35:02,24.47,43.14,BuildingA_Floor1,TypeC
1032,2025-04-04 13:59:42,34.18,42.02,BuildingB_Floor1,TypeA
1050,2025-04-03 16:30:09,29.46,76.5,BuildingB_Floor2,TypeA
1035,2025-04-05 10:10:47,15.78,33.89,BuildingA_Floor2,TypeC
1026,2025-04-06 06:42:02,30.96,60.72,BuildingB_Floor1,TypeB
1091,2025-04-03 20:19:29,31.4,44.6,BuildingB_Floor1,TypeC
1051,2025-04-06 02:56:26,28.07,34.06,BuildingB_Floor1,TypeC
1015,2025-04-06 14:31:21,21.13,51.58,BuildingA_Floor2,TypeB
1033,2025-04-03 17:58:02,30.64,38.92,BuildingB_Floor2,TypeB
1014,2025-04-06 02:32:27,31.86,80.0,BuildingB_Floor1,TypeB
1058,2025-04-06 21:38:43,24.07,61.85,BuildingA_Floor2,TypeA
1012,2025-04-07 05:37:15,31.53,36.37,BuildingB_Floor1,TypeC
1040,2025-04-03 02:34:35,33.73,34.26,BuildingB_Floor1,TypeC
1056,2025-04-06 16:47:57,25.28,37.62,BuildingB_Floor2,TypeB
1071,2025-04-04 01:18:32,23.15,59.18,BuildingA_Floor2,TypeA
1021,2025-04-06 04:32:40,25.64,42.67,BuildingB_Floor2,TypeB
1086,2025-04-06 08:12:46,23.97,75.46,BuildingB_Floor2,TypeC
1083,2025-04-07 17:27:13,24.16,69.12,BuildingA_Floor2,TypeC
1092,2025-04-04 15:48:35,21.7,52.99,BuildingB_Floor1,TypeA
1028,2025-04-05 13:21:21,15.62,67.13,BuildingA_Floor2,TypeB
1090,2025-04-05 11:38:25,31.49,42.25,BuildingA_Floor2,TypeA
1085,2025-04-03 19:14:12,26.72,72.64,BuildingA_Floor2,TypeB
1003,2025-04-06 05:01:12,34.52,36.99,BuildingB_Floor2,TypeA
1083,2025-04-06 21:04:56,33.92,64.47,BuildingA_Floor2,TypeB
1054,2025-04-04 05:09:25,26.05,65.83,BuildingA_Floor2,TypeC
1035,2025-04-05 16:19:57,31.37,49.72,BuildingA_Floor2,TypeC
1033,2025-04-06 05:11:41,21.22,37.38,BuildingA_Floor1,TypeC
1078,2025-04-03 15:16:29,16.98,60.68,BuildingA_Floor2,TypeB
1030,2025-04-06 16:46:47,32.75,46.09,BuildingB_Floor1,TypeB
1024,2025-04-07 20:05:23,22.74,55.53,BuildingA_Floor2,TypeA
1000,2025-04-06 12:07:55,16.35,49.32,BuildingA_Floor2,TypeB
1082,2025-04-04 06:29:34,25.97,54.04,BuildingB_Floor2,TypeA
1032,2025-04-05 07:52:24,15.21,39.94,BuildingA_Floor2,TypeC
1038,2025-04-05 13:37:42,15.37,43.26,BuildingB_Floor2,TypeB
1014,2025-04-03 17:40:58,32.01,67.69,BuildingB_Floor1,TypeB
1009,2025-04-07 08:40:16,19.06,53.74,BuildingA_Floor2,TypeA
1012,2025-04-05 10:38:29,21.62,60.8,BuildingB_Floor1,TypeB
1057,2025-04-04 13:49:38,19.3,32.93,BuildingA_Floor1,TypeC
1062,2025-04-06 07:22:01,15.18,75.94,BuildingB_Floor2,TypeB
1100,2025-04-07 15:44:31,32.16,74.21,BuildingA_Floor2,TypeB
1055,2025-04-06 07:21:11,30.79,55.82,BuildingB_Floor1,TypeA
1026,2025-04-05 11:03:25,19.17,69.3,BuildingB_Floor1,TypeB
1053,2025-04-04 23:03:33,26.56,46.41,BuildingB_Floor1,TypeB
1034,2025-04-03 14:24:12,24.69,34.64,BuildingB_Floor2,TypeB
1091,2025-04-07 04:12:30,19.96,40.99,BuildingB_Floor1,TypeB
1088,2025-04-06 10:34:07,31.18,63.89,BuildingA_Floor1,TypeA
1067,2025-04-05 10:17:03,32.3,69.85,BuildingA_Floor1,TypeC
1093,2025-04-04 06:48:33,20.05,53.82,BuildingB_Floor2,TypeA
1021,2025-04-04 01:08:21,24.21,55.3,BuildingA_Floor2,TypeC
1073,2025-04-07 14:41:04,24.54,52.96,BuildingB_Floor1,TypeC
1097,2025-04-07 18:07:39,32.58,73.41,BuildingA_Floor1,TypeC
1063,2025-04-03 19:18:57,31.07,70.76,BuildingA_Floor1,TypeA
1082,2025-04-03 06:30:48,25.15,51.09,BuildingB_Floor1,TypeC
1038,2025-04-05 09:38:11,15.85,56.56,BuildingA_Floor2,TypeC
1009,2025-04-03 03:57:24,20.82,52.67,BuildingB_Floor2,TypeB
1069,2025-04-07 18:53:02,26.69,30.64,BuildingA_Floor2,TypeB
1068,2025-04-05 10:27:52,23.33,45.71,BuildingA_Floor1,TypeB
1074,2025-04-06 02:06:25,29.65,79.45,BuildingB_Floor2,TypeA
1099,2025-04-05 06:51:58,24.68,38.0,BuildingB_Floor2,TypeB
1052,2025-04-07 08:30:03,34.03,64.31,BuildingA_Floor1,TypeB
1100,2025-04-06 11:47:00,23.22,61.3,BuildingB_Floor1,TypeB
1076,2025-04-07 12:22:05,31.35,79.22,BuildingB_Floor2,TypeB
1094,2025-04-04 20:50:32,27.25,59.41,BuildingB_Floor2,TypeB
1056,2025-04-05 06:52:44,34.87,41.57,BuildingA_Floor1,TypeA
1047,2025-04-06 05:34:29,29.04,59.05,BuildingB_Floor1,TypeB
1100,2025-04-05 21:42:35,17.86,78.8,BuildingB_Floor2,TypeB
1039,2025-04-04 17:38:18,17.03,78.06,BuildingB_Floor1,TypeA
1023,2025-04-07 03:01:25,20.21,37.51,BuildingA_Floor1,TypeA
1073,2025-04-07 16:13:38,23.64,55.38,BuildingB_Floor2,TypeA
1030,2025-04-04 02:40:56,32.77,65.24,BuildingA_Floor2,TypeB
1032,2025-04-06 08:38:38,22.8,67.81,BuildingB_Floor2,TypeB
1094,2025-04-04 22:18:40,33.89,69.89,BuildingB_Floor2,TypeA
1065,2025-04-05 23:18:55,34.77,45.53,BuildingA_Floor2,TypeA
1047,2025-04-06 20:39:14,18.64,54.21,BuildingB_Floor2,TypeC
1090,2025-04-06 20:32:11,28.71,44.56,BuildingA_Floor2,TypeB
1045,2025-04-04 09:30:41,17.03,35.59,BuildingB_Floor2,TypeA
1033,2025-04-04 07:58:34,18.8,34.58,BuildingA_Floor2,TypeA
1011,2025-04-05 19:19:21,30.93,60.76,BuildingB_Floor2,TypeC
1090,2025-04-05 03:43:01,30.19,44.85,BuildingB_Floor2,TypeB
1067,2025-04-04 16:24:39,22.0,30.37,BuildingA_Floor1,TypeA
1035,2025-04-06 00:37:34,27.81,47.78,BuildingB_Floor1,TypeC
1098,2025-04-05 06:27:42,19.33,78.13,BuildingB_Floor2,TypeC
1084,2025-04-07 05:17:56,15.01,30.96,BuildingA_Floor1,TypeB
1097,2025-04-07 10:55:27,17.27,78.41,BuildingB_Floor1,TypeB
1026,2025-04-07 17:16:24,24.2,30.68,BuildingA_Floor2,TypeC
1064,2025-04-06 19:42:13,34.35,52.36,BuildingA_Floor2,TypeB
1093,2025-04-06 12:13:32,29.12,51.35,BuildingB_Floor1,TypeC
1078,2025-04-05 01:00:13,19.39,31.07,BuildingA_Floor1,TypeA
1015,2025-04-04 09:46:02,25.31,45.35,BuildingA_Floor1,TypeB
1084,2025-04-04 03:44:23,30.02,40.6,BuildingA_Floor1,TypeB
1094,2025-04-07 03:25:14,16.82,60.93,BuildingB_Floor1,TypeA
1083,2025-04-07 02:59:21,32.9,53.91,BuildingB_Floor2,TypeB
1051,2025-04-07 05:28:19,15.3,71.65,BuildingA_Floor1,TypeC
1051,2025-04-05 17:14:57,23.42,51.82,BuildingA_Floor2,TypeB
1025,2025-04-03 11:03:39,33.4,58.04,BuildingB_Floor2,TypeC
1061,2025-04-05 00:04:13,18.91,55.58,BuildingB_Floor2,TypeB
1004,2025-04-04 13:12:56,31.6,41.52,BuildingA_Floor2,TypeB
1032,2025-04-03 11:32:04,28.98,57.99,BuildingB_Floor2,TypeC
1024,2025-04-05 00:55:22,17.17,52.96,BuildingB_Floor2,TypeC
1062,2025-04-04 12:11:08,18.32,62.13,BuildingA_Floor1,TypeC
1044,2025-04-03 20:28:57,17.68,41.42,BuildingB_Floor2,TypeA
1010,2025-04-03 09:08:31,23.09,36.08,BuildingB_Floor2,TypeA
1005,2025-04-07 23:28:00,32.95,30.15,BuildingA_Floor1,TypeA
1071,2025-04-03 20:23:01,23.21,51.64,BuildingB_Floor1,TypeA
1034,2025-04-07 10:09:39,15.4,58.69,BuildingA_Floor2,TypeB
1044,2025-04-06 21:07:19,23.07,56.69,BuildingB_Floor2,TypeB
1027,2025-04-06 22:44:13,21.75,68.43,BuildingB_Floor1,TypeA
1014,2025-04-03 12:06:47,19.41,72.99,BuildingA_Floor2,TypeB
1002,2025-04-07 10:42:23,18.29,76.64,BuildingA_Floor1,TypeB
1049,2025-04-05 10:04:01,24.78,66.92,BuildingB_Floor2,TypeA
1049,2025-04-06 01:59:31,34.15,62.57,BuildingA_Floor2,TypeB
1085,2025-04-06 11:44:15,33.62,64.89,BuildingB_Floor2,TypeC
1016,2025-04-07 01:49:36,26.1,75.14,BuildingA_Floor2,TypeB
1061,2025-04-04 08:15:10,20.37,46.87,BuildingB_Floor1,TypeC
1086,2025-04-06 22:13:42,27.97,52.26,BuildingB_Floor2,TypeC
1008,2025-04-06 07:36:01,24.12,47.46,BuildingA_Floor1,TypeA
1079,2025-04-05 22:39:11,30.37,36.97,BuildingB_Floor2,TypeC
1013,2025-04-03 12:41:23,26.05,71.97,BuildingB_Floor1,TypeB
1057,2025-04-07 07:50:29,25.9,50.79,BuildingA_Floor1,TypeB
1017,2025-04-05 14:05:09,20.26,71.43,BuildingA_Floor1,TypeA
1013,2025-04-06 01:31:09,29.42,43.24,BuildingB_Floor2,TypeA
1067,2025-04-07 03:24:03,21.07,76.64,BuildingB_Floor1,TypeC
1080,2025-04-06 11:22:19,25.12,63.26,BuildingB_Floor2,TypeB
1084,2025-04-05 18:35:57,33.88,33.64,BuildingB_Floor2,TypeB
1018,2025-04-05 10:51:59,21.55,53.15,BuildingB_Floor2,TypeB
1100,2025-04-07 06:45:25,33.98,57.95,BuildingA_Floor2,TypeB
1015,2025-04-03 23:54:31,21.97,53.86,BuildingA_Floor1,TypeB
1054,2025-04-07 16:01:56,32.07,43.53,BuildingB_Floor1,TypeC
1100,2025-04-03 05:23:08,26.83,67.31,BuildingA_Floor1,TypeA
1040,2025-04-05 01:27:45,34.06,34.72,BuildingA_Floor2,TypeB
1081,2025-04-04 03:00:17,24.14,58.13,BuildingB_Floor1,TypeA
1075,2025-04-04 01:52:19,27.96,46.61,BuildingB_Floor1,TypeC
1064,2025-04-07 19:35:29,28.88,55.63,BuildingB_Floor1,TypeA
1044,2025-04-06 05:09:44,33.48,31.95,BuildingB_Floor1,TypeC
1096,2025-04-06 18:00:43,32.19,65.65,BuildingA_Floor2,TypeB
1097,2025-04-03 10:09:04,17.39,58.34,BuildingB_Floor1,TypeB
1011,2025-04-03 14:38:03,24.58,30.06,BuildingB_Floor1,TypeB
1050,2025-04-06 21:34:28,28.52,34.09,BuildingA_Floor2,TypeB
1083,2025-04-07 13:08:54,28.18,47.15,BuildingB_Floor2,TypeB
1058,2025-04-04 18:24:45,16.5,78.81,BuildingB_Floor1,TypeA
1093,2025-04-04 21:44:23,27.79,78.81,BuildingB_Floor1,TypeA
1016,2025-04-05 12:12:33,22.92,52.71,BuildingA_Floor2,TypeC
1039,2025-04-07 17:25:37,16.99,74.99,BuildingB_Floor1,TypeA
1021,2025-04-03 14:04:16,17.97,44.31,BuildingB_Floor1,TypeC
1017,2025-04-05 13:30:05,24.01,51.61,BuildingA_Floor2,TypeC
1061,2025-04-07 23:07:31,33.82,77.24,BuildingA_Floor2,TypeA
1001,2025-04-07 02:06:45,16.37,62.97,BuildingB_Floor2,TypeA
1022,2025-04-04 12:39:53,15.27,35.8,BuildingB_Floor2,TypeB
1069,2025-04-04 23:43:52,30.82,74.85,BuildingB_Floor1,TypeC
1005,2025-04-05 10:18:18,29.25,76.65,BuildingB_Floor2,TypeC
1051,2025-04-04 06:46:28,30.99,73.21,BuildingA_Floor2,TypeA
1086,2025-04-05 17:40:41,20.44,31.71,BuildingB_Floor2,TypeC
1034,2025-04-06 14:18:05,34.67,78.48,BuildingB_Floor1,TypeB
1075,2025-04-03 02:22:35,34.27,57.52,BuildingA_Floor1,TypeA
1024,2025-04-06 08:51:00,15.56,51.58,BuildingB_Floor2,TypeC
1050,2025-04-03 07:53:44,31.31,67.54,BuildingA_Floor2,TypeB
1004,2025-04-07 08:24:47,21.03,76.61,BuildingA_Floor2,TypeA
1092,2025-04-07 18:11:34,24.61,58.94,BuildingB_Floor2,TypeB
1088,2025-04-07 14:31:01,19.6,59.53,BuildingA_Floor2,TypeC
1010,2025-04-03 07:54:03,22.8,76.67,BuildingB_Floor2,TypeA
1095,2025-04-06 21:46:44,18.95,71.08,BuildingA_Floor1,TypeC
1016,2025-04-04 16:10:27,30.82,54.02,BuildingB_Floor1,TypeB
1043,2025-04-06 11:21:09,18.26,42.4,BuildingB_Floor1,TypeC
1071,2025-04-04 22:58:51,33.01,64.3,BuildingA_Floor1,TypeB
1045,2025-04-05 17:14:04,26.25,42.83,BuildingA_Floor2,TypeC
1040,2025-04-07 11:59:05,30.55,44.02,BuildingB_Floor2,TypeA
1011,2025-04-05 03:36:34,15.26,70.08,BuildingA_Floor1,TypeA
1021,2025-04-05 09:32:38,24.13,41.8,BuildingB_Floor2,TypeC
1077,2025-04-07 11:14:31,16.1,32.36,BuildingB_Floor1,TypeA
1018,2025-04-05 22:29:59,33.04,52.28,BuildingA_Floor2,TypeC
1090,2025-04-05 18:21:07,24.59,70.51,BuildingB_Floor2,TypeA
1091,2025-04-07 15:03:39,32.6,51.35,BuildingA_Floor1,TypeB
1092,2025-04-07 13:31:01,28.51,68.44,BuildingB_Floor2,TypeB
1076,2025-04-05 07:41:06,21.34,62.89,BuildingB_Floor2,TypeB
1033,2025-04-06 22:04:09,20.88,69.78,BuildingA_Floor1,TypeA
1052,2025-04-07 05:25:45,29.67,43.94,BuildingA_Floor2,TypeB
1074,2025-04-05 23:23:38,22.37,50.0,BuildingA_Floor1,TypeC
1046,2025-04-03 22:34:26,21.54,32.4,BuildingA_Floor1,TypeB
1038,2025-04-05 18:55:08,18.58,79.12,BuildingA_Floor1,TypeA
1069,2025-04-06 20:54:36,28.26,77.96,BuildingA_Floor1,TypeA
1007,2025-04-04 11:59:05,28.04,33.01,BuildingB_Floor2,TypeA
1071,2025-04-06 11:18:42,19.24,78.2,BuildingB_Floor1,TypeC
1062,2025-04-05 08:08:50,21.16,58.59,BuildingA_Floor1,TypeA
1031,2025-04-07 12:22:05,21.61,49.63,BuildingA_Floor1,TypeB
1080,2025-04-06 00:02:51,26.62,78.51,BuildingB_Floor1,TypeB
1099,2025-04-05 07:50:18,20.63,53.12,BuildingA_Floor1,TypeB
1088,2025-04-07 01:23:26,27.49,37.15,BuildingB_Floor2,TypeC
1011,2025-04-07 21:23:36,20.81,77.2,BuildingA_Floor2,TypeB
1060,2025-04-07 03:35:02,15.85,42.2,BuildingB_Floor1,TypeB
1067,2025-04-06 14:35:57,26.52,77.67,BuildingB_Floor2,TypeA
1063,2025-04-05 01:09:31,29.05,71.93,BuildingB_Floor1,TypeB
1022,2025-04-03 20:14:32,20.96,36.49,BuildingB_Floor1,TypeC
1042,2025-04-06 06:07:38,18.33,67.86,BuildingB_Floor1,TypeB
1096,2025-04-03 15:05:50,18.47,66.97,BuildingB_Floor1,TypeC
1037,2025-04-04 10:23:29,21.88,64.07,BuildingA_Floor1,TypeC
1087,2025-04-07 05:39:55,33.01,75.02,BuildingB_Floor2,TypeA
1088,2025-04-06 17:01:16,34.15,50.22,BuildingB_Floor2,TypeA
1097,2025-04-06 10:09:57,24.26,77.73,BuildingA_Floor2,TypeB
1052,2025-04-03 15:01:06,31.75,50.34,BuildingB_Floor1,TypeA
1037,2025-04-05 03:16:07,25.58,64.86,BuildingA_Floor2,TypeA
1041,2025-04-06 06:43:47,34.72,59.62,BuildingA_Floor2,TypeB
1050,2025-04-06 02:41:40,21.71,34.01,BuildingB_Floor2,TypeC
1034,2025-04-04 12:29:14,29.47,68.95,BuildingB_Floor1,TypeA
1028,2025-04-07 04:45:50,22.15,44.9,BuildingA_Floor2,TypeA
1079,2025-04-05 04:09:37,25.86,36.96,BuildingB_Floor2,TypeB
1089,2025-04-03 21:11:17,29.33,59.89,BuildingB_Floor1,TypeC
1062,2025-04-05 11:34:57,30.19,67.86,BuildingB_Floor1,TypeC
1061,2025-04-06 04:49:35,23.87,79.39,BuildingA_Floor2,TypeA
1050,2025-04-05 13:31:56,21.53,61.81,BuildingA_Floor2,TypeC
1073,2025-04-04 21:04:09,28.64,53.76,BuildingA_Floor1,TypeA
1037,2025-04-03 10:26:19,18.2,34.4,BuildingB_Floor1,TypeA
1076,2025-04-05 17:09:22,22.64,61.97,BuildingB_Floor2,TypeB
1070,2025-04-04 03:33:24,24.58,32.05,BuildingA_Floor2,TypeC
1080,2025-04-07 18:10:18,24.69,30.9,BuildingB_Floor1,TypeB
1016,2025-04-06 09:42:00,15.81,58.41,BuildingA_Floor1,TypeB
1022,2025-04-07 06:30:23,18.11,35.33,BuildingA_Floor2,TypeC
1042,2025-04-07 23:09:56,17.92,58.99,BuildingA_Floor1,TypeB
1001,2025-04-07 01:35:52,22.83,43.42,BuildingB_Floor2,TypeC
1077,2025-04-03 04:10:30,26.15,72.51,BuildingA_Floor1,TypeA
1034,2025-04-04 16:22:08,22.0,74.32,BuildingB_Floor1,TypeA
1092,2025-04-05 04:30:52,19.34,49.44,BuildingA_Floor1,TypeB
1090,2025-04-05 03:22:26,30.54,40.01,BuildingA_Floor1,TypeC
1069,2025-04-04 20:39:47,18.09,64.07,BuildingA_Floor1,TypeB
1056,2025-04-05 10:26:19,30.45,45.74,BuildingA_Floor1,TypeB
1100,2025-04-06 20:59:43,33.36,34.95,BuildingA_Floor2,TypeB
1029,2025-04-07 14:34:45,29.94,31.61,BuildingB_Floor2,TypeB
1012,2025-04-06 22:41:10,17.47,54.83,BuildingB_Floor1,TypeC
1038,2025-04-07 08:15:59,17.08,39.5,BuildingB_Floor2,TypeA
1059,2025-04-03 22:26:51,25.86,51.83,BuildingA_Floor1,TypeB
1091,2025-04-04 01:26:02,32.9,50.46,BuildingB_Floor1,TypeA
1022,2025-04-06 23:29:13,30.61,70.88,BuildingA_Floor2,TypeA
1057,2025-04-06 06:24:56,22.22,61.35,BuildingA_Floor2,TypeC
1044,2025-04-05 19:25:14,15.1,50.64,BuildingB_Floor1,TypeC
1098,2025-04-04 09:14:23,26.61,32.55,BuildingB_Floor2,TypeA
1016,2025-04-06 04:26:48,28.26,79.14,BuildingA_Floor1,TypeB
1098,2025-04-04 08:47:14,21.5,40.62,BuildingB_Floor1,TypeB
1067,2025-04-06 02:16:36,23.09,36.86,BuildingA_Floor2,TypeB
1035,2025-04-06 04:20:24,29.05,79.8,BuildingB_Floor2,TypeC
1046,2025-04-05 18:59:06,24.38,56.65,BuildingB_Floor2,TypeA
1079,2025-04-04 11:54:56,30.0,47.57,BuildingB_Floor2,TypeC
1043,2025-04-07 03:08:54,27.71,44.21,BuildingA_Floor1,TypeA
1081,2025-04-06 00:29:37,20.22,74.02,BuildingB_Floor1,TypeB
1044,2025-04-05 14:41:18,19.65,44.83,BuildingA_Floor1,TypeB
1069,2025-04-07 06:28:29,22.76,33.24,BuildingA_Floor2,TypeC
1046,2025-04-07 21:52:48,16.75,32.52,BuildingB_Floor2,TypeB
1077,2025-04-03 08:24:47,27.31,34.04,BuildingA_Floor1,TypeB
1002,2025-04-07 01:40:49,19.68,66.05,BuildingB_Floor1,TypeB
1093,2025-04-05 09:33:19,28.71,68.88,BuildingB_Floor1,TypeC
1002,2025-04-07 07:19:51,30.49,46.85,BuildingB_Floor2,TypeC
1012,2025-04-03 08:35:42,23.24,44.7,BuildingA_Floor2,TypeA
1068,2025-04-05 04:04:44,21.1,45.4,BuildingB_Floor1,TypeC
1064,2025-04-07 20:51:39,26.99,50.71,BuildingA_Floor1,TypeC
1028,2025-04-05 17:03:32,17.89,39.4,BuildingA_Floor2,TypeB
1066,2025-04-06 10:58:06,16.99,71.84,BuildingB_Floor2,TypeB
1051,2025-04-06 13:27:59,31.14,39.72,BuildingB_Floor1,TypeA
1042,2025-04-06 19:54:46,25.97,41.17,BuildingA_Floor1,TypeA
1045,2025-04-07 13:14:55,23.74,74.59,BuildingB_Floor1,TypeC
1072,2025-04-05 23:11:48,20.43,37.43,BuildingA_Floor2,TypeC
1045,2025-04-03 20:55:43,34.38,41.76,BuildingA_Floor2,TypeA
1017,2025-04-03 08:33:42,33.01,54.66,BuildingA_Floor2,TypeA
1004,2025-04-07 05:48:42,23.6,61.19,BuildingA_Floor2,TypeB
1001,2025-04-03 04:04:26,17.72,48.71,BuildingA_Floor2,TypeC
1021,2025-04-04 18:34:11,18.15,69.15,BuildingB_Floor2,TypeB
1099,2025-04-06 12:14:05,28.25,42.04,BuildingB_Floor2,TypeC
1028,2025-04-06 00:23:55,24.69,76.35,BuildingB_Floor2,TypeB
1021,2025-04-05 21:42:27,15.62,55.98,BuildingB_Floor2,TypeA
1034,2025-04-06 14:56:32,25.29,54.18,BuildingA_Floor2,TypeA
1008,2025-04-04 23:56:51,26.87,48.97,BuildingB_Floor1,TypeC
1030,2025-04-03 16:01:46,15.52,56.44,BuildingB_Floor2,TypeA
1056,2025-04-06 19:35:11,22.02,61.14,BuildingA_Floor1,TypeB
1088,2025-04-07 17:13:52,29.79,79.72,BuildingA_Floor2,TypeB
1007,2025-04-06 22:48:47,27.04,76.43,BuildingB_Floor2,TypeA
1033,2025-04-05 03:41:32,31.02,30.86,BuildingB_Floor2,TypeA
1029,2025-04-03 15:25:01,34.33,78.81,BuildingB_Floor2,TypeC
1021,2025-04-05 18:09:59,18.7,75.43,BuildingB_Floor1,TypeA
1031,2025-04-06 02:54:22,21.91,44.79,BuildingB_Floor1,TypeC
1015,2025-04-06 06:16:27,24.47,43.42,BuildingA_Floor1,TypeB
1020,2025-04-03 09:06:55,24.01,39.81,BuildingB_Floor2,TypeC
1017,2025-04-07 01:42:49,24.33,50.84,BuildingA_Floor1,TypeC
1081,2025-04-04 21:14:43,34.38,69.63,BuildingB_Floor1,TypeC
1021,2025-04-03 06:03:17,20.05,42.08,BuildingA_Floor1,TypeB
1083,2025-04-05 04:24:29,32.06,31.95,BuildingB_Floor2,TypeC
1081,2025-04-07 19:11:23,29.46,36.62,BuildingA_Floor2,TypeC
1058,2025-04-03 16:08:06,21.94,71.4,BuildingA_Floor1,TypeC
1018,2025-04-04 18:50:38,21.39,79.62,BuildingB_Floor1,TypeB
1038,2025-04-04 02:10:08,25.31,75.66,BuildingB_Floor1,TypeA
1069,2025-04-05 07:06:32,32.36,36.81,BuildingB_Floor1,TypeA
1096,2025-04-03 05:25:29,24.6,76.66,BuildingA_Floor1,TypeC
1098,2025-04-04 00:38:36,17.72,57.7,BuildingB_Floor1,TypeC
1053,2025-04-06 05:08:56,24.53,34.79,BuildingA_Floor2,TypeC
1049,2025-04-06 18:18:31,29.64,42.89,BuildingB_Floor2,TypeA
1018,2025-04-06 14:43:16,22.14,40.78,BuildingA_Floor2,TypeC
1037,2025-04-04 05:33:21,29.77,71.95,BuildingB_Floor1,TypeB
1046,2025-04-05 01:56:53,28.99,45.87,BuildingB_Floor1,TypeB
1030,2025-04-05 21:15:10,27.5,68.98,BuildingB_Floor1,TypeC
1010,2025-04-07 14:45:33,16.77,59.03,BuildingB_Floor2,TypeA
1028,2025-04-03 15:30:39,21.54,79.22,BuildingA_Floor1,TypeB
1055,2025-04-05 17:50:57,16.41,79.92,BuildingB_Floor1,TypeA
1034,2025-04-06 08:54:36,27.41,41.36,BuildingA_Floor1,TypeB
1048,2025-04-04 04:51:34,17.08,62.39,BuildingB_Floor1,TypeA
1055,2025-04-07 10:52:29,34.2,36.99,BuildingB_Floor2,TypeC
1055,2025-04-05 17:13:34,30.34,35.4,BuildingB_Floor1,TypeC
1040,2025-04-04 04:02:09,21.45,76.29,BuildingA_Floor1,TypeA
1032,2025-04-07 15:33:38,32.52,40.61,BuildingA_Floor1,TypeB
1086,2025-04-06 13:47:40,20.77,30.92,BuildingB_Floor2,TypeC
1059,2025-04-07 11:53:15,16.43,77.84,BuildingA_Floor1,TypeC
1052,2025-04-07 02:39:45,23.46,36.32,BuildingB_Floor1,TypeB
1007,2025-04-07 14:30:17,25.37,49.78,BuildingB_Floor2,TypeC
1003,2025-04-07 01:17:19,33.09,72.0,BuildingB_Floor1,TypeB
1001,2025-04-04 20:18:11,33.01,74.21,BuildingB_Floor2,TypeA
1018,2025-04-06 16:50:46,32.98,71.73,BuildingA_Floor1,TypeC
1002,2025-04-03 06:39:58,21.06,74.22,BuildingA_Floor2,TypeB
1073,2025-04-05 12:51:34,31.63,57.95,BuildingB_Floor2,TypeA
1074,2025-04-07 23:17:30,28.25,50.43,BuildingB_Floor2,TypeB
1021,2025-04-05 13:37:17,29.63,40.31,BuildingA_Floor1,TypeB
1075,2025-04-04 05:56:12,23.73,65.5,BuildingA_Floor1,TypeA
1059,2025-04-07 16:46:57,34.15,72.3,BuildingB_Floor1,TypeA
1042,2025-04-06 16:59:57,15.55,77.15,BuildingA_Floor2,TypeB
1069,2025-04-06 15:32:44,28.72,61.16,BuildingA_Floor2,TypeB
1094,2025-04-03 05:58:39,30.11,76.03,BuildingA_Floor1,TypeB
1013,2025-04-03 23:15:41,27.3,77.35,BuildingB_Floor2,TypeA
1063,2025-04-07 02:42:26,25.55,53.11,BuildingB_Floor1,TypeA
1100,2025-04-07 08:37:21,23.0,78.4,BuildingB_Floor2,TypeA
1067,2025-04-05 02:15:50,34.11,53.2,BuildingA_Floor2,TypeA
1050,2025-04-05 23:06:16,21.39,37.54,BuildingA_Floor1,TypeC
1011,2025-04-07 09:30:24,20.69,70.27,BuildingB_Floor2,TypeC
1003,2025-04-06 16:12:13,30.63,57.86,BuildingA_Floor2,TypeC
1005,2025-04-07 01:17:15,23.74,33.1,BuildingA_Floor1,TypeA
1085,2025-04-04 23:27:54,20.9,32.79,BuildingB_Floor1,TypeA
1004,2025-04-07 20:08:45,30.99,79.43,BuildingA_Floor2,TypeC
1003,2025-04-06 18:33:36,24.65,61.7,BuildingA_Floor1,TypeC
1092,2025-04-07 23:33:24,24.24,74.67,BuildingB_Floor1,TypeB
1018,2025-04-05 18:11:06,27.82,41.58,BuildingA_Floor2,TypeA
1078,2025-04-04 14:28:49,20.65,69.05,BuildingB_Floor1,TypeC
1091,2025-04-06 06:35:22,24.87,71.12,BuildingB_Floor1,TypeA
1081,2025-04-04 13:17:06,17.05,33.69,BuildingB_Floor1,TypeA
1028,2025-04-04 17:26:44,32.5,50.13,BuildingA_Floor2,TypeA
1010,2025-04-07 08:22:37,32.32,63.51,BuildingB_Floor2,TypeA
1038,2025-04-06 09:42:58,29.97,69.29,BuildingB_Floor1,TypeC
1090,2025-04-06 20:33:00,17.22,37.62,BuildingA_Floor2,TypeC
1062,2025-04-07 20:35:29,34.13,68.51,BuildingB_Floor2,TypeB
1079,2025-04-04 20:50:24,26.49,34.09,BuildingB_Floor1,TypeB
1072,2025-04-03 10:30:52,26.05,49.34,BuildingB_Floor2,TypeA
1005,2025-04-04 17:46:39,27.34,57.77,BuildingA_Floor1,TypeC
1085,2025-04-06 15:19:19,29.21,32.02,BuildingA_Floor2,TypeB
1094,2025-04-07 10:52:04,24.21,59.03,BuildingB_Floor2,TypeA
1034,2025-04-03 20:37:12,27.68,32.87,BuildingA_Floor2,TypeA
1040,2025-04-05 14:29:42,33.59,78.4,BuildingA_Floor1,TypeB
1003,2025-04-04 23:34:34,20.87,36.29,BuildingA_Floor1,TypeB
1030,2025-04-07 01:46:25,17.48,70.13,BuildingB_Floor2,TypeC
1046,2025-04-06 08:43:50,22.31,70.94,BuildingB_Floor1,TypeC
1100,2025-04-05 00:31:15,17.57,54.43,BuildingA_Floor1,TypeB
1027,2025-04-04 04:35:47,33.52,48.11,BuildingA_Floor1,TypeC
1052,2025-04-06 09:37:18,19.7,38.06,BuildingA_Floor2,TypeC
1081,2025-04-07 10:58:52,20.8,57.67,BuildingB_Floor2,TypeB
1058,2025-04-04 03:03:30,16.87,45.82,BuildingA_Floor2,TypeB
1084,2025-04-05 19:51:41,32.39,46.54,BuildingB_Floor2,TypeB
1009,2025-04-07 00:12:05,17.46,43.33,BuildingB_Floor2,TypeA
1063,2025-04-06 04:53:27,31.48,51.64,BuildingA_Floor2,TypeB
1014,2025-04-05 14:53:14,23.81,30.86,BuildingB_Floor1,TypeA
1078,2025-04-04 12:34:17,31.88,67.39,BuildingB_Floor1,TypeB
1069,2025-04-06 15:44:14,29.53,46.94,BuildingB_Floor1,TypeB
1099,2025-04-04 09:22:49,32.63,68.99,BuildingA_Floor2,TypeB
1028,2025-04-05 09:20:04,18.03,50.12,BuildingB_Floor2,TypeA
1001,2025-04-07 09:05:11,33.26,65.39,BuildingB_Floor1,TypeC
1062,2025-04-06 00:54:50,32.54,76.57,BuildingB_Floor1,TypeA
1084,2025-04-06 11:22:50,16.95,51.34,BuildingA_Floor1,TypeC
1073,2025-04-04 01:20:34,20.76,31.47,BuildingA_Floor1,TypeB
1050,2025-04-05 11:31:17,28.18,76.8,BuildingA_Floor2,TypeC
1015,2025-04-07 21:05:41,31.22,73.65,BuildingA_Floor2,TypeC
1063,2025-04-06 03:53:29,27.6,46.43,BuildingA_Floor2,TypeC
1041,2025-04-07 01:26:40,31.4,58.07,BuildingB_Floor2,TypeB
1032,2025-04-04 05:04:23,19.35,40.17,BuildingB_Floor1,TypeC
1031,2025-04-05 16:52:23,34.86,67.59,BuildingA_Floor2,TypeB
1073,2025-04-06 09:01:20,21.05,78.74,BuildingA_Floor1,TypeA
1053,2025-04-06 19:35:23,17.07,58.72,BuildingA_Floor2,TypeA
1091,2025-04-06 22:57:22,29.85,52.19,BuildingA_Floor2,TypeB
1053,2025-04-05 07:51:49,23.52,35.74,BuildingA_Floor1,TypeC
1084,2025-04-04 20:32:28,29.21,32.22,BuildingA_Floor2,TypeB
1019,2025-04-03 13:29:05,20.02,53.32,BuildingB_Floor1,TypeB
1005,2025-04-06 11:18:29,25.57,45.24,BuildingA_Floor2,TypeA
1085,2025-04-05 21:29:53,21.61,68.42,BuildingA_Floor1,TypeB
1033,2025-04-03 01:00:38,20.16,35.45,BuildingA_Floor2,TypeB
1089,2025-04-06 14:04:18,30.72,45.41,BuildingA_Floor2,TypeA
1099,2025-04-07 15:57:04,32.39,36.02,BuildingA_Floor2,TypeC
1005,2025-04-06 21:02:47,23.04,61.57,BuildingA_Floor1,TypeC
1009,2025-04-05 14:29:40,29.47,48.27,BuildingB_Floor1,TypeA
1043,2025-04-07 18:46:04,31.65,46.83,BuildingB_Floor1,TypeA
1076,2025-04-04 00:19:45,26.04,73.25,BuildingA_Floor2,TypeB
1081,2025-04-06 16:53:07,16.25,38.69,BuildingB_Floor2,TypeC
1093,2025-04-04 19:25:14,28.74,62.06,BuildingB_Floor1,TypeA
1060,2025-04-07 03:52:30,18.79,78.87,BuildingB_Floor1,TypeC
1094,2025-04-04 15:32:03,15.17,38.51,BuildingA_Floor1,TypeA
1046,2025-04-07 21:53:08,32.72,56.31,BuildingB_Floor1,TypeB
1038,2025-04-07 04:01:37,27.72,33.99,BuildingB_Floor1,TypeB
1099,2025-04-03 04:11:53,18.94,35.97,BuildingA_Floor2,TypeB
1046,2025-04-04 10:42:07,28.22,73.27,BuildingB_Floor2,TypeB
1032,2025-04-06 03:41:32,31.38,67.72,BuildingA_Floor2,TypeC
1074,2025-04-05 02:44:08,19.55,61.74,BuildingB_Floor1,TypeB
1015,2025-04-04 17:03:58,28.98,31.33,BuildingB_Floor1,TypeC
1028,2025-04-06 03:42:25,29.05,54.93,BuildingB_Floor1,TypeC
1087,2025-04-03 12:13:28,17.54,58.65,BuildingA_Floor1,TypeA
1053,2025-04-05 07:53:06,25.91,79.38,BuildingB_Floor1,TypeA
1007,2025-04-04 09:31:53,24.51,54.71,BuildingB_Floor1,TypeC
1014,2025-04-04 03:26:55,17.5,32.02,BuildingB_Floor2,TypeA
1040,2025-04-05 16:16:33,25.34,42.67,BuildingA_Floor2,TypeA
1013,2025-04-04 03:12:14,27.38,31.7,BuildingB_Floor1,TypeC
1060,2025-04-03 16:57:44,17.39,76.09,BuildingA_Floor2,TypeB
1040,2025-04-07 04:25:33,27.22,58.63,BuildingA_Floor1,TypeA
1091,2025-04-06 09:42:28,28.68,75.04,BuildingB_Floor1,TypeB
1040,2025-04-03 18:49:15,15.85,50.86,BuildingA_Floor1,TypeC
1075,2025-04-05 22:25:34,20.15,72.01,BuildingA_Floor2,TypeC
1050,2025-04-03 15:22:54,24.88,34.42,BuildingB_Floor1,TypeC
1039,2025-04-05 05:24:15,33.34,32.54,BuildingB_Floor2,TypeB
1021,2025-04-05 03:40:12,28.18,39.12,BuildingA_Floor2,TypeA
1080,2025-04-04 17:59:48,32.35,58.48,BuildingA_Floor2,TypeA
1035,2025-04-03 08:02:54,29.23,54.91,BuildingA_Floor1,TypeC
1057,2025-04-04 12:22:54,17.55,77.64,BuildingA_Floor2,TypeC
1007,2025-04-05 15:21:46,28.4,38.9,BuildingB_Floor2,TypeA
1023,2025-04-05 10:28:39,22.53,69.05,BuildingA_Floor1,TypeB
1076,2025-04-03 20:15:49,28.04,79.59,BuildingB_Floor1,TypeC
1100,2025-04-07 22:38:15,33.55,76.43,BuildingB_Floor1,TypeA
1024,2025-04-06 03:41:42,30.27,59.27,BuildingB_Floor2,TypeB
1016,2025-04-04 06:07:31,17.22,77.69,BuildingA_Floor1,TypeA
1100,2025-04-03 02:57:40,32.81,48.55,BuildingB_Floor2,TypeA
1025,2025-04-03 11:39:32,19.38,31.92,BuildingB_Floor2,TypeC
1015,2025-04-05 01:31:06,31.97,43.59,BuildingA_Floor2,TypeA
1034,2025-04-07 05:18:26,24.86,62.27,BuildingA_Floor2,TypeB
1072,2025-04-06 05:48:52,32.91,63.73,BuildingB_Floor1,TypeC
1068,2025-04-03 16:15:47,19.03,67.5,BuildingB_Floor1,TypeB
1099,2025-04-07 07:48:43,21.26,57.3,BuildingA_Floor2,TypeB
1004,2025-04-03 00:51:37,18.36,39.16,BuildingA_Floor2,TypeA
1068,2025-04-03 02:02:11,23.24,31.91,BuildingB_Floor2,TypeC
1073,2025-04-05 12:01:08,24.67,68.96,BuildingB_Floor1,TypeA
1049,2025-04-03 04:32:07,22.25,56.92,BuildingA_Floor2,TypeC
1040,2025-04-07 11:51:56,21.88,43.31,BuildingB_Floor1,TypeA
1009,2025-04-06 05:10:46,26.25,64.81,BuildingB_Floor2,TypeC
1092,2025-04-06 09:09:43,17.68,45.81,BuildingA_Floor1,TypeA
1071,2025-04-03 17:52:20,25.75,46.3,BuildingB_Floor1,TypeC
1070,2025-04-03 05:49:06,28.56,69.54,BuildingA_Floor1,TypeB
1001,2025-04-04 11:14:35,23.29,48.72,BuildingB_Floor2,TypeC
1002,2025-04-07 06:03:45,17.85,59.18,BuildingB_Floor1,TypeA
1086,2025-04-04 11:44:25,32.49,56.75,BuildingA_Floor2,TypeA
1039,2025-04-05 03:52:54,19.38,60.85,BuildingB_Floor2,TypeA
1004,2025-04-06 12:22:43,20.23,61.19,BuildingA_Floor2,TypeC
1047,2025-04-07 11:57:10,29.01,37.34,BuildingA_Floor2,TypeB
1062,2025-04-04 02:16:05,29.35,31.12,BuildingB_Floor2,TypeA
1067,2025-04-06 03:38:01,23.04,59.58,BuildingA_Floor2,TypeA
1027,2025-04-04 08:29:57,22.51,78.1,BuildingB_Floor1,TypeC
1035,2025-04-06 18:46:29,21.49,46.33,BuildingA_Floor2,TypeB
1061,2025-04-04 13:25:21,27.62,64.89,BuildingB_Floor1,TypeA
1054,2025-04-04 18:58:52,33.65,37.51,BuildingB_Floor2,TypeC
1037,2025-04-05 00:07:03,23.15,35.42,BuildingA_Floor2,TypeC
1017,2025-04-06 00:33:50,26.36,42.26,BuildingB_Floor2,TypeA
1096,2025-04-04 19:11:08,17.47,73.37,BuildingA_Floor2,TypeB
1094,2025-04-05 11:04:47,25.82,66.92,BuildingA_Floor2,TypeB
1056,2025-04-03 00:43:07,16.18,69.43,BuildingB_Floor2,TypeA
1069,2025-04-07 22:02:13,24.64,75.75,BuildingA_Floor1,TypeB
1026,2025-04-05 11:31:20,31.38,33.59,BuildingB_Floor1,TypeA
1013,2025-04-06 23:26:29,32.72,73.69,BuildingA_Floor2,TypeB
1038,2025-04-03 16:44:12,21.34,62.93,BuildingA_Floor2,TypeB
1051,2025-04-05 22:24:34,15.45,79.41,BuildingB_Floor1,TypeB
1036,2025-04-04 16:41:06,27.41,45.15,BuildingA_Floor1,TypeC
1029,2025-04-04 14:33:54,26.24,79.8,BuildingB_Floor2,TypeC
1058,2025-04-06 10:43:31,15.04,61.68,BuildingA_Floor2,TypeA
1046,2025-04-05 00:45:18,31.53,68.22,BuildingA_Floor2,TypeC
1033,2025-04-05 23:16:07,25.58,38.87,BuildingB_Floor1,TypeB
1014,2025-04-03 22:00:02,17.92,49.16,BuildingA_Floor2,TypeB
1064,2025-04-03 16:04:44,32.39,42.94,BuildingB_Floor2,TypeA
1054,2025-04-03 11:33:25,25.61,37.67,BuildingB_Floor2,TypeB
1039,2025-04-05 16:14:25,27.02,50.22,BuildingA_Floor2,TypeC
1086,2025-04-07 03:03:39,29.52,47.05,BuildingB_Floor2,TypeA
1086,2025-04-05 00:52:27,18.11,79.66,BuildingB_Floor1,TypeC
1098,2025-04-05 05:21:13,24.49,51.57,BuildingB_Floor2,TypeA
1000,2025-04-05 04:52:50,27.24,69.57,BuildingB_Floor2,TypeC
1053,2025-04-04 13:20:39,25.74,65.33,BuildingA_Floor2,TypeB
1042,2025-04-04 11:30:37,18.33,61.56,BuildingA_Floor1,TypeB
1004,2025-04-07 09:17:55,21.5,53.47,BuildingA_Floor2,TypeB
1093,2025-04-06 07:51:48,27.81,78.85,BuildingA_Floor1,TypeA
1085,2025-04-05 14:27:59,20.65,64.22,BuildingB_Floor1,TypeC
1030,2025-04-04 17:31:02,22.13,55.63,BuildingA_Floor2,TypeB
1012,2025-04-07 07:59:40,19.71,53.5,BuildingB_Floor1,TypeA
1054,2025-04-03 20:31:13,32.39,70.04,BuildingB_Floor2,TypeC
1055,2025-04-04 19:03:49,18.51,41.71,BuildingB_Floor2,TypeA
1037,2025-04-05 01:05:21,25.51,40.61,BuildingA_Floor2,TypeC
1061,2025-04-04 11:21:41,27.56,54.46,BuildingA_Floor2,TypeB
1015,2025-04-05 11:12:45,33.79,78.74,BuildingB_Floor2,TypeA
1047,2025-04-03 19:02:22,20.68,52.69,BuildingA_Floor1,TypeA
1037,2025-04-04 16:28:20,17.8,55.36,BuildingB_Floor1,TypeB
1042,2025-04-05 13:17:45,15.79,56.54,BuildingB_Floor1,TypeC
1081,2025-04-05 03:32:52,19.87,54.86,BuildingB_Floor1,TypeA
1013,2025-04-06 03:10:37,29.94,30.7,BuildingB_Floor1,TypeB
1095,2025-04-07 00:01:03,27.98,37.34,BuildingA_Floor1,TypeA
1044,2025-04-03 17:59:26,15.64,39.7,BuildingA_Floor2,TypeC
1025,2025-04-06 18:51:52,34.52,72.28,BuildingA_Floor2,TypeB
1075,2025-04-06 19:19:05,28.78,36.97,BuildingA_Floor1,TypeB
1053,2025-04-05 04:16:35,25.65,35.27,BuildingA_Floor2,TypeA
1042,2025-04-04 13:43:58,31.8,52.5,BuildingB_Floor1,TypeA
1066,2025-04-03 16:28:40,24.29,51.58,BuildingA_Floor1,TypeB
1038,2025-04-04 10:50:08,17.42,57.41,BuildingA_Floor1,TypeC
1000,2025-04-03 11:05:39,15.63,46.06,BuildingB_Floor1,TypeB
1019,2025-04-04 19:39:19,20.88,72.32,BuildingA_Floor1,TypeB
1042,2025-04-06 06:34:39,19.16,64.24,BuildingB_Floor2,TypeB
1023,2025-04-06 03:06:06,28.2,59.39,BuildingA_Floor2,TypeB
1009,2025-04-04 00:01:23,16.01,63.69,BuildingB_Floor1,TypeB
1037,2025-04-07 07:33:14,33.19,69.61,BuildingA_Floor2,TypeC
1085,2025-04-03 19:03:43,27.85,76.86,BuildingA_Floor2,TypeA
1071,2025-04-05 22:16:47,20.98,65.74,BuildingA_Floor1,TypeB
1011,2025-04-03 04:46:35,27.6,68.77,BuildingA_Floor1,TypeB
1002,2025-04-05 11:30:00,28.76,75.33,BuildingA_Floor2,TypeA
1089,2025-04-06 15:56:14,17.64,41.18,BuildingB_Floor1,TypeB
1036,2025-04-03 08:35:38,28.01,68.86,BuildingB_Floor1,TypeB
1092,2025-04-03 10:10:30,31.63,51.49,BuildingA_Floor1,TypeC
1006,2025-04-04 09:48:59,25.31,72.58,BuildingB_Floor2,TypeA
1044,2025-04-05 22:50:33,29.56,52.03,BuildingA_Floor2,TypeA
1096,2025-04-05 19:49:49,29.57,62.47,BuildingA_Floor1,TypeC
1024,2025-04-05 06:22:27,21.01,35.25,BuildingB_Floor1,TypeA
1100,2025-04-03 01:12:06,25.42,34.27,BuildingB_Floor1,TypeB
1024,2025-04-02 23:46:10,29.66,60.8,BuildingB_Floor2,TypeC
1097,2025-04-05 20:32:38,23.65,34.73,BuildingB_Floor1,TypeC
1041,2025-04-07 04:53:01,18.33,59.08,BuildingA_Floor1,TypeA
1060,2025-04-06 08:46:21,17.64,48.17,BuildingA_Floor2,TypeB
1053,2025-04-04 19:26:03,20.83,71.56,BuildingA_Floor2,TypeC
1000,2025-04-04 12:54:38,32.13,40.59,BuildingB_Floor1,TypeB
1067,2025-04-03 20:42:26,32.52,45.19,BuildingA_Floor2,TypeB
1091,2025-04-06 17:35:33,19.17,79.52,BuildingA_Floor1,TypeB
1001,2025-04-06 10:36:28,25.87,55.97,BuildingB_Floor1,TypeB
1015,2025-04-06 09:46:25,18.74,37.59,BuildingA_Floor2,TypeC
1012,2025-04-04 10:50:53,19.84,69.92,BuildingA_Floor1,TypeA
1076,2025-04-04 00:02:51,23.3,31.87,BuildingA_Floor2,TypeA
1016,2025-04-06 14:05:48,23.32,32.06,BuildingB_Floor2,TypeB
1081,2025-04-05 19:41:36,18.97,74.67,BuildingA_Floor2,TypeC
1006,2025-04-03 21:45:11,33.57,74.31,BuildingB_Floor1,TypeA
1029,2025-04-04 10:02:57,21.77,35.22,BuildingB_Floor1,TypeB
1018,2025-04-05 19:08:27,15.34,32.36,BuildingA_Floor1,TypeB
1008,2025-04-03 06:36:56,33.06,56.08,BuildingA_Floor2,TypeB
1024,2025-04-04 23:41:46,27.73,44.05,BuildingB_Floor1,TypeB
1071,2025-04-07 07:08:58,15.07,57.32,BuildingB_Floor2,TypeA
1032,2025-04-04 03:38:55,32.02,56.93,BuildingB_Floor1,TypeA
1034,2025-04-05 16:15:42,23.71,57.09,BuildingB_Floor1,TypeC
1072,2025-04-07 22:53:52,29.94,79.48,BuildingB_Floor1,TypeA
1094,2025-04-05 15:32:15,34.15,31.71,BuildingB_Floor2,TypeC
1003,2025-04-03 06:10:44,17.98,68.33,BuildingB_Floor2,TypeC
1049,2025-04-03 18:18:39,34.1,45.17,BuildingB_Floor1,TypeA
1012,2025-04-03 04:13:58,18.98,69.55,BuildingA_Floor1,TypeC
1016,2025-04-07 09:55:19,19.31,40.51,BuildingA_Floor1,TypeB
1050,2025-04-05 02:48:59,26.31,73.85,BuildingA_Floor2,TypeB
1086,2025-04-07 05:26:33,23.41,78.3,BuildingA_Floor2,TypeA
1018,2025-04-06 09:36:46,29.94,59.47,BuildingA_Floor2,TypeC
1100,2025-04-05 07:04:15,32.61,64.9,BuildingA_Floor1,TypeB
1016,2025-04-05 12:51:44,31.61,66.2,BuildingA_Floor2,TypeC
1054,2025-04-05 21:39:45,29.29,52.21,BuildingA_Floor2,TypeB
1048,2025-04-04 10:09:37,25.96,75.88,BuildingA_Floor2,TypeA
1019,2025-04-07 16:39:22,18.67,43.7,BuildingB_Floor2,TypeA
1085,2025-04-06 00:25:27,17.3,78.5,BuildingB_Floor1,TypeA
1066,2025-04-06 02:42:48,24.51,40.04,BuildingB_Floor1,TypeC
1035,2025-04-06 01:16:21,21.26,72.22,BuildingA_Floor2,TypeC
1042,2025-04-04 15:07:06,34.13,79.65,BuildingA_Floor2,TypeB
1090,2025-04-03 13:13:24,31.73,39.59,BuildingA_Floor2,TypeB
1023,2025-04-05 07:12:57,20.61,66.92,BuildingB_Floor2,TypeB
1002,2025-04-06 00:10:36,29.94,71.47,BuildingA_Floor1,TypeC
1076,2025-04-05 14:21:14,32.1,68.23,BuildingA_Floor1,TypeC
1041,2025-04-05 07:32:15,26.71,79.27,BuildingB_Floor1,TypeB
1027,2025-04-06 18:03:22,19.46,46.76,BuildingB_Floor1,TypeA
1088,2025-04-03 05:03:19,15.01,51.22,BuildingB_Floor1,TypeC
1080,2025-04-04 23:16:56,24.56,61.0,BuildingA_Floor1,TypeC
1036,2025-04-06 01:58:21,30.91,33.71,BuildingB_Floor2,TypeA
1026,2025-04-04 20:59:56,33.73,68.06,BuildingB_Floor1,TypeA
1070,2025-04-03 20:49:55,32.46,40.62,BuildingA_Floor1,TypeC
1090,2025-04-07 05:22:54,33.41,45.98,BuildingB_Floor1,TypeC
1069,2025-04-05 23:55:15,22.55,56.42,BuildingA_Floor2,TypeB
1061,2025-04-05 05:41:15,34.39,46.9,BuildingB_Floor2,TypeC
1040,2025-04-05 06:36:19,29.26,34.83,BuildingB_Floor2,TypeB
1048,2025-04-04 20:37:52,24.75,64.43,BuildingA_Floor2,TypeB
1031,2025-04-06 15:56:50,19.42,31.6,BuildingA_Floor1,TypeB
1031,2025-04-04 09:15:57,24.48,73.06,BuildingB_Floor2,TypeA
1002,2025-04-07 01:27:12,17.23,37.74,BuildingA_Floor2,TypeA
1016,2025-04-05 18:24:21,20.59,64.25,BuildingB_Floor2,TypeB
1007,2025-04-06 11:47:21,19.9,79.74,BuildingA_Floor1,TypeC
1025,2025-04-04 23:20:48,33.53,71.5,BuildingA_Floor1,TypeC
1024,2025-04-06 16:22:10,24.25,40.61,BuildingB_Floor2,TypeC
1098,2025-04-03 15:07:08,32.42,32.84,BuildingB_Floor1,TypeB
1028,2025-04-03 10:41:23,33.31,40.79,BuildingA_Floor2,TypeA
1034,2025-04-06 19:49:52,22.78,59.93,BuildingA_Floor2,TypeA
1015,2025-04-05 13:52:38,26.91,40.5,BuildingA_Floor2,TypeC
1072,2025-04-06 14:55:37,21.49,75.89,BuildingB_Floor2,TypeA
1069,2025-04-03 09:54:21,22.67,43.63,BuildingB_Floor1,TypeC
1052,2025-04-03 12:54:47,19.43,58.58,BuildingB_Floor2,TypeA
1031,2025-04-03 09:16:14,24.63,66.51,BuildingA_Floor2,TypeB
1010,2025-04-04 17:54:10,25.45,75.34,BuildingB_Floor2,TypeB
1050,2025-04-03 22:40:50,26.63,36.48,BuildingB_Floor1,TypeC
1016,2025-04-07 06:39:17,27.65,70.11,BuildingA_Floor1,TypeC
1088,2025-04-05 18:43:01,28.52,38.96,BuildingA_Floor2,TypeB
1034,2025-04-04 14:19:09,26.42,42.87,BuildingA_Floor2,TypeC
1064,2025-04-03 19:30:01,27.37,52.5,BuildingA_Floor2,TypeA
1060,2025-04-06 18:57:10,25.69,64.23,BuildingA_Floor1,TypeB
1097,2025-04-03 12:55:55,16.09,32.72,BuildingA_Floor1,TypeC
1017,2025-04-04 23:24:36,24.13,30.38,BuildingB_Floor1,TypeC
1086,2025-04-05 20:35:22,21.55,65.81,BuildingA_Floor2,TypeC
1040,2025-04-04 10:50:18,23.25,60.09,BuildingA_Floor2,TypeC
1006,2025-04-04 18:56:30,30.15,31.86,BuildingA_Floor1,TypeA
1045,2025-04-04 13:14:24,20.81,47.73,BuildingB_Floor1,TypeA
1086,2025-04-06 09:47:12,22.71,65.81,BuildingA_Floor2,TypeB
1089,2025-04-06 16:09:17,31.3,39.7,BuildingA_Floor1,TypeB
1020,2025-04-07 00:32:41,31.51,67.06,BuildingB_Floor2,TypeA
1064,2025-04-07 22:11:17,24.63,38.2,BuildingA_Floor2,TypeC
1089,2025-04-07 02:49:23,16.75,69.73,BuildingA_Floor1,TypeA
1057,2025-04-07 05:04:47,22.64,53.39,BuildingA_Floor2,TypeA
1093,2025-04-03 14:33:27,24.23,33.97,BuildingA_Floor1,TypeB
1014,2025-04-06 05:55:08,24.95,53.41,BuildingA_Floor1,TypeA
1085,2025-04-03 19:34:43,26.03,63.49,BuildingB_Floor1,TypeC
1050,2025-04-07 13:50:14,28.93,69.24,BuildingA_Floor2,TypeB
1050,2025-04-07 18:39:52,16.1,61.61,BuildingA_Floor2,TypeB
1061,2025-04-05 19:53:20,19.93,32.12,BuildingA_Floor1,TypeB
1025,2025-04-07 00:58:33,30.2,37.8,BuildingA_Floor1,TypeB
1029,2025-04-07 17:35:35,32.48,77.14,BuildingA_Floor1,TypeC
1004,2025-04-03 18:55:41,22.7,73.77,BuildingA_Floor2,TypeA
1035,2025-04-07 11:50:08,18.58,67.76,BuildingB_Floor2,TypeC
1023,2025-04-06 02:11:34,18.02,74.08,BuildingB_Floor2,TypeA
1028,2025-04-03 23:44:12,26.06,38.09,BuildingA_Floor2,TypeC
1045,2025-04-07 08:01:45,24.06,67.91,BuildingB_Floor1,TypeC
1096,2025-04-03 10:32:17,26.95,39.98,BuildingA_Floor1,TypeC
1048,2025-04-06 21:04:48,32.0,48.18,BuildingA_Floor2,TypeA
1039,2025-04-04 06:04:59,26.94,80.0,BuildingB_Floor2,TypeC
1045,2025-04-05 22:28:28,29.95,62.12,BuildingB_Floor1,TypeA
1086,2025-04-04 08:26:51,15.92,34.56,BuildingB_Floor2,TypeB
1092,2025-04-03 06:09:49,32.3,72.17,BuildingB_Floor2,TypeC
1062,2025-04-05 19:42:50,31.04,63.64,BuildingB_Floor2,TypeC
1000,2025-04-03 02:58:23,34.97,45.17,BuildingB_Floor2,TypeA
1098,2025-04-06 01:03:44,16.71,70.34,BuildingA_Floor2,TypeA
1096,2025-04-06 13:50:16,20.76,62.37,BuildingA_Floor1,TypeB
1040,2025-04-04 10:45:15,33.41,73.4,BuildingA_Floor1,TypeB
1048,2025-04-04 19:22:59,25.15,38.2,BuildingA_Floor2,TypeC
1032,2025-04-03 06:20:37,27.97,77.14,BuildingA_Floor2,TypeA
1035,2025-04-04 10:14:34,25.85,54.38,BuildingA_Floor2,TypeA
1060,2025-04-07 04:57:50,23.94,37.62,BuildingB_Floor2,TypeA
1002,2025-04-03 11:39:31,31.85,42.82,BuildingA_Floor1,TypeC
1090,2025-04-05 04:20:40,17.62,43.61,BuildingA_Floor2,TypeC
1039,2025-04-07 14:22:09,22.49,48.69,BuildingA_Floor1,TypeC
1095,2025-04-03 18:47:46,21.09,59.36,BuildingA_Floor1,TypeA
1077,2025-04-04 08:01:55,21.91,41.47,BuildingB_Floor2,TypeC
1017,2025-04-05 22:23:24,18.75,71.67,BuildingA_Floor1,TypeB
1053,2025-04-05 18:29:07,20.08,52.6,BuildingA_Floor1,TypeA
1040,2025-04-06 03:05:09,26.96,44.87,BuildingB_Floor1,TypeC
1014,2025-04-03 06:05:45,31.15,38.13,BuildingB_Floor1,TypeA
1055,2025-04-06 22:24:28,23.12,58.99,BuildingA_Floor1,TypeA
1028,2025-04-06 00:25:34,25.83,34.11,BuildingB_Floor2,TypeB
1094,2025-04-03 05:09:44,24.92,67.32,BuildingA_Floor2,TypeB
1028,2025-04-04 22:43:18,19.49,70.18,BuildingB_Floor1,TypeA
1048,2025-04-04 23:49:16,16.2,43.07,BuildingB_Floor1,TypeC
1024,2025-04-05 07:00:35,30.58,50.85,BuildingA_Floor1,TypeB
1047,2025-04-06 05:39:27,24.56,62.69,BuildingA_Floor1,TypeA
1033,2025-04-03 09:58:09,29.78,35.71,BuildingB_Floor1,TypeC
1068,2025-04-07 13:29:01,26.59,34.21,BuildingA_Floor2,TypeB
1008,2025-04-07 21:33:03,25.91,39.06,BuildingA_Floor2,TypeA
1066,2025-04-04 23:57:34,16.32,63.54,BuildingA_Floor2,TypeB
1033,2025-04-06 12:31:36,19.98,61.31,BuildingB_Floor1,TypeC
1065,2025-04-05 10:39:06,32.58,51.8,BuildingB_Floor2,TypeB
1080,2025-04-06 17:58:20,23.87,67.08,BuildingB_Floor1,TypeB
1096,2025-04-06 01:41:42,34.94,41.96,BuildingB_Floor1,TypeA
1055,2025-04-07 01:24:03,22.83,37.9,BuildingB_Floor1,TypeC
1089,2025-04-04 18:30:52,22.47,63.98,BuildingB_Floor1,TypeA
1004,2025-04-04 12:33:17,24.25,51.32,BuildingA_Floor2,TypeC
1026,2025-04-04 03:07:47,33.35,70.54,BuildingB_Floor1,TypeA
1027,2025-04-07 02:19:12,28.7,58.82,BuildingA_Floor2,TypeA
1024,2025-04-05 21:17:22,33.55,70.59,BuildingB_Floor1,TypeC
1013,2025-04-06 11:18:08,21.98,56.22,BuildingB_Floor2,TypeC
1047,2025-04-03 03:29:07,23.58,37.84,BuildingB_Floor1,TypeC
1058,2025-04-03 22:36:00,27.13,53.78,BuildingB_Floor2,TypeC
1004,2025-04-03 23:05:42,23.38,71.72,BuildingB_Floor1,TypeA
1067,2025-04-05 01:29:32,25.6,44.85,BuildingB_Floor1,TypeC
1045,2025-04-06 02:10:52,25.85,52.77,BuildingA_Floor2,TypeB
1068,2025-04-06 16:19:28,30.45,48.15,BuildingA_Floor2,TypeC
1019,2025-04-07 17:36:41,25.68,53.69,BuildingB_Floor2,TypeC
1004,2025-04-04 22:25:10,28.23,46.91,BuildingA_Floor2,TypeC
1042,2025-04-06 17:52:41,26.61,69.77,BuildingA_Floor2,TypeA
1000,2025-04-07 00:37:18,28.44,63.24,BuildingA_Floor1,TypeC
1069,2025-04-05 19:15:24,17.07,68.79,BuildingA_Floor2,TypeC
1050,2025-04-06 10:49:49,25.55,43.84,BuildingA_Floor1,TypeC
1060,2025-04-05 07:46:31,22.33,53.91,BuildingB_Floor2,TypeB
1047,2025-04-05 19:31:54,25.14,58.18,BuildingB_Floor1,TypeB
1096,2025-04-03 16:31:43,25.04,54.04,BuildingB_Floor1,TypeA
1072,2025-04-07 23:04:18,18.61,30.76,BuildingA_Floor2,TypeA
1027,2025-04-04 23:23:28,21.0,52.01,BuildingB_Floor1,TypeC
1040,2025-04-06 21:38:24,30.56,40.39,BuildingB_Floor1,TypeB
1069,2025-04-03 10:56:29,19.98,54.94,BuildingA_Floor1,TypeB
1037,2025-04-05 09:00:41,32.08,46.84,BuildingB_Floor1,TypeC
1006,2025-04-07 09:03:56,16.66,63.73,BuildingB_Floor2,TypeC
1092,2025-04-07 12:00:53,28.94,78.17,BuildingB_Floor1,TypeA
1063,2025-04-03 07:20:55,20.35,69.28,BuildingB_Floor1,TypeB
1023,2025-04-03 07:41:37,28.26,68.55,BuildingB_Floor2,TypeA
1077,2025-04-05 03:47:06,24.74,51.13,BuildingB_Floor1,TypeB
1031,2025-04-04 09:32:55,26.42,32.26,BuildingB_Floor2,TypeA
1039,2025-04-07 00:38:59,26.35,75.99,BuildingB_Floor2,TypeC
1083,2025-04-04 23:51:27,28.23,69.12,BuildingA_Floor2,TypeC
1007,2025-04-07 04:46:58,34.47,67.43,BuildingA_Floor1,TypeB
1095,2025-04-07 02:32:31,31.63,71.6,BuildingB_Floor1,TypeB
1092,2025-04-06 11:33:04,26.68,42.48,BuildingA_Floor2,TypeC
1100,2025-04-07 12:31:07,17.67,41.96,BuildingA_Floor2,TypeC
1091,2025-04-06 06:32:22,20.01,72.3,BuildingA_Floor2,TypeC
1008,2025-04-03 22:21:27,24.99,62.32,BuildingA_Floor2,TypeC
1049,2025-04-07 13:57:50,19.51,71.5,BuildingA_Floor2,TypeB
1034,2025-04-07 13:39:27,27.61,60.15,BuildingB_Floor1,TypeA
1003,2025-04-06 05:44:17,32.23,59.9,BuildingB_Floor1,TypeA
1040,2025-04-05 19:43:18,33.67,39.39,BuildingA_Floor1,TypeB
1007,2025-04-04 12:03:14,29.91,51.56,BuildingB_Floor1,TypeC
1057,2025-04-06 20:47:41,25.75,54.81,BuildingB_Floor2,TypeA
1011,2025-04-04 13:36:30,27.2,62.45,BuildingB_Floor2,TypeA
1073,2025-04-06 19:42:12,29.75,55.14,BuildingB_Floor1,TypeC
1005,2025-04-07 06:39:05,18.09,32.07,BuildingB_Floor1,TypeA
1094,2025-04-07 14:57:03,20.49,33.69,BuildingA_Floor2,TypeA
1049,2025-04-07 13:15:13,33.76,62.56,BuildingB_Floor1,TypeC
1074,2025-04-03 14:17:51,21.43,59.91,BuildingB_Floor1,TypeB
1019,2025-04-04 17:11:03,27.78,45.5,BuildingA_Floor1,TypeB
1070,2025-04-05 07:09:42,29.33,61.01,BuildingA_Floor2,TypeB
1044,2025-04-07 20:43:45,31.76,32.52,BuildingB_Floor2,TypeC
1098,2025-04-03 10:12:30,33.91,68.58,BuildingB_Floor1,TypeC
1062,2025-04-04 21:25:45,28.49,58.73,BuildingA_Floor1,TypeC
1039,2025-04-05 04:09:41,16.4,64.72,BuildingB_Floor2,TypeA
1061,2025-04-04 13:11:00,17.77,60.53,BuildingA_Floor1,TypeA
1025,2025-04-06 21:06:57,17.33,38.27,BuildingA_Floor2,TypeB
1059,2025-04-05 03:46:33,20.73,64.47,BuildingA_Floor2,TypeB
1046,2025-04-05 13:27:41,20.59,49.3,BuildingA_Floor2,TypeB
1057,2025-04-07 18:35:21,28.53,50.5,BuildingB_Floor2,TypeB
1019,2025-04-07 19:51:49,16.52,79.37,BuildingA_Floor2,TypeA
1068,2025-04-04 20:35:47,26.23,64.91,BuildingB_Floor1,TypeA
1069,2025-04-07 11:19:30,18.74,74.19,BuildingB_Floor1,TypeB
1093,2025-04-04 22:07:08,27.79,63.83,BuildingB_Floor2,TypeA
1070,2025-04-05 20:22:07,27.78,78.37,BuildingA_Floor2,TypeA
1093,2025-04-03 21:13:31,19.2,53.0,BuildingA_Floor1,TypeA
1014,2025-04-04 07:33:02,20.81,64.76,BuildingA_Floor2,TypeB
1075,2025-04-07 08:48:46,34.8,54.72,BuildingA_Floor1,TypeA
1080,2025-04-06 05:18:13,20.41,58.14,BuildingA_Floor1,TypeC
1008,2025-04-03 19:49:35,31.44,39.82,BuildingA_Floor1,TypeB
1008,2025-04-04 18:23:03,16.86,73.42,BuildingA_Floor1,TypeB
1079,2025-04-07 10:59:37,32.67,52.82,BuildingB_Floor2,TypeA
1025,2025-04-05 23:28:08,26.15,36.26,BuildingB_Floor2,TypeA
1036,2025-04-03 09:01:55,30.38,73.97,BuildingB_Floor1,TypeA
1040,2025-04-03 14:52:50,15.29,66.98,BuildingB_Floor1,TypeA
1055,2025-04-06 07:59:02,15.49,68.88,BuildingA_Floor2,TypeC
1086,2025-04-05 16:45:17,19.87,52.58,BuildingA_Floor1,TypeA
1057,2025-04-07 05:48:46,30.56,79.83,BuildingB_Floor1,TypeB
1051,2025-04-03 03:28:51,28.02,60.46,BuildingA_Floor1,TypeC
1052,2025-04-04 05:30:05,17.1,47.49,BuildingB_Floor2,TypeA
1035,2025-04-04 13:10:26,27.45,64.36,BuildingB_Floor1,TypeC
1099,2025-04-05 04:15:18,21.01,37.2,BuildingB_Floor2,TypeB
1024,2025-04-03 15:02:23,27.69,67.75,BuildingA_Floor1,TypeB
1093,2025-04-04 19:03:23,29.68,79.21,BuildingB_Floor2,TypeB
1053,2025-04-03 09:30:57,28.21,30.07,BuildingA_Floor1,TypeC
1000,2025-04-05 06:41:14,29.4,73.3,BuildingA_Floor2,TypeB
1032,2025-04-07 09:41:55,18.9,57.82,BuildingB_Floor1,TypeB
1085,2025-04-04 12:38:38,16.48,44.22,BuildingA_Floor1,TypeC
1071,2025-04-04 01:05:45,25.65,43.97,BuildingA_Floor2,TypeB
1026,2025-04-03 02:04:00,26.18,77.8,BuildingB_Floor2,TypeC
1024,2025-04-07 03:14:59,23.37,57.87,BuildingB_Floor2,TypeC
1045,2025-04-03 15:44:04,21.87,78.82,BuildingA_Floor2,TypeA
1100,2025-04-04 00:18:30,22.24,71.65,BuildingB_Floor2,TypeA
1049,2025-04-07 02:59:38,34.94,65.05,BuildingA_Floor2,TypeB
1002,2025-04-07 00:33:05,22.8,60.63,BuildingB_Floor1,TypeC
1099,2025-04-07 14:51:48,34.38,50.79,BuildingB_Floor2,TypeA
1006,2025-04-06 17:52:39,19.81,40.97,BuildingB_Floor2,TypeA
1056,2025-04-07 05:36:51,17.04,54.73,BuildingA_Floor1,TypeB
1017,2025-04-06 21:40:25,29.27,45.18,BuildingA_Floor1,TypeB
1046,2025-04-07 17:15:27,17.79,65.02,BuildingB_Floor2,TypeC
1045,2025-04-07 12:52:33,32.67,41.03,BuildingA_Floor1,TypeC
1045,2025-04-06 09:30:32,18.38,68.42,BuildingB_Floor2,TypeB
1063,2025-04-05 02:08:33,27.18,43.62,BuildingA_Floor1,TypeA
1028,2025-04-06 10:47:01,18.76,36.88,BuildingB_Floor1,TypeA
1077,2025-04-03 14:23:22,19.62,40.52,BuildingB_Floor1,TypeC
1041,2025-04-06 10:38:04,32.37,35.16,BuildingA_Floor2,TypeA
1017,2025-04-06 05:55:30,20.96,47.43,BuildingB_Floor1,TypeB
1083,2025-04-07 01:48:31,22.85,48.2,BuildingA_Floor1,TypeA
1054,2025-04-05 17:57:26,24.68,61.45,BuildingA_Floor2,TypeC
1050,2025-04-03 12:12:15,19.67,32.47,BuildingA_Floor1,TypeB
1063,2025-04-05 03:13:28,32.96,57.87,BuildingB_Floor2,TypeB
1083,2025-04-05 07:35:44,25.4,59.27,BuildingB_Floor2,TypeB
1070,2025-04-06 20:55:24,34.14,55.98,BuildingB_Floor1,TypeB
1096,2025-04-04 20:33:58,26.25,65.85,BuildingB_Floor2,TypeB
1028,2025-04-05 07:57:06,20.84,68.34,BuildingB_Floor2,TypeC
1082,2025-04-05 17:07:06,28.88,53.93,BuildingB_Floor1,TypeC
1014,2025-04-05 13:42:48,16.82,54.21,BuildingA_Floor1,TypeB
1078,2025-04-04 19:03:00,30.88,32.15,BuildingA_Floor2,TypeA
1026,2025-04-03 14:20:06,28.83,71.21,BuildingA_Floor2,TypeA
1020,2025-04-05 16:23:02,25.46,61.58,BuildingA_Floor2,TypeC
1061,2025-04-07 04:45:19,31.41,50.83,BuildingA_Floor2,TypeB
1076,2025-04-07 11:47:57,15.91,72.76,BuildingB_Floor1,TypeA
1053,2025-04-07 04:32:35,30.41,64.36,BuildingA_Floor2,TypeC
1087,2025-04-05 02:07:57,15.38,73.4,BuildingA_Floor2,TypeA
1053,2025-04-07 21:33:15,33.87,48.44,BuildingB_Floor2,TypeB
1072,2025-04-06 21:10:58,33.87,50.22,BuildingB_Floor2,TypeB
1063,2025-04-04 00:00:52,20.4,67.24,BuildingB_Floor1,TypeC
1055,2025-04-07 11:28:25,24.91,50.93,BuildingA_Floor2,TypeB
1029,2025-04-07 13:22:04,15.84,49.92,BuildingA_Floor1,TypeC
1092,2025-04-05 22:02:15,23.84,74.12,BuildingA_Floor2,TypeA
1033,2025-04-04 20:58:30,31.65,35.04,BuildingB_Floor1,TypeC
1035,2025-04-07 22:32:03,19.65,61.06,BuildingB_Floor2,TypeB
1097,2025-04-05 18:21:49,25.58,46.25,BuildingA_Floor2,TypeA
1080,2025-04-04 02:10:37,28.54,31.35,BuildingB_Floor1,TypeA
1097,2025-04-06 17:59:58,26.98,36.43,BuildingA_Floor2,TypeA
1034,2025-04-05 03:31:30,17.5,60.92,BuildingA_Floor1,TypeA
1091,2025-04-05 13:13:24,15.41,44.94,BuildingA_Floor1,TypeC
1090,2025-04-04 15:00:34,17.84,35.11,BuildingA_Floor1,TypeB
1077,2025-04-04 01:27:47,18.62,75.05,BuildingB_Floor1,TypeB
1003,2025-04-07 02:41:19,33.41,63.76,BuildingB_Floor1,TypeA
1059,2025-04-06 18:15:10,26.99,50.9,BuildingA_Floor2,TypeC
1087,2025-04-04 01:07:31,33.47,34.1,BuildingB_Floor2,TypeA
1017,2025-04-06 10:01:58,22.46,32.83,BuildingA_Floor2,TypeC
1065,2025-04-04 17:44:31,30.44,53.84,BuildingA_Floor1,TypeA
1047,2025-04-04 21:27:20,33.42,54.76,BuildingB_Floor2,TypeC
1002,2025-04-03 02:38:19,21.95,37.69,BuildingB_Floor2,TypeC
1059,2025-04-06 20:04:50,34.04,70.34,BuildingB_Floor1,TypeC
1018,2025-04-07 03:34:22,28.52,64.4,BuildingA_Floor2,TypeB
1080,2025-04-07 02:32:30,15.45,69.94,BuildingB_Floor1,TypeC
1008,2025-04-05 05:07:47,24.72,68.48,BuildingB_Floor1,TypeA
1029,2025-04-05 21:16:55,31.99,69.37,BuildingB_Floor2,TypeA
1089,2025-04-04 22:44:24,18.56,34.3,BuildingB_Floor1,TypeA
1046,2025-04-07 09:39:58,17.75,53.03,BuildingB_Floor1,TypeA
1000,2025-04-07 22:13:44,15.07,53.64,BuildingB_Floor2,TypeB
1016,2025-04-07 12:38:09,16.72,37.32,BuildingA_Floor2,TypeA
1034,2025-04-04 12:23:24,34.21,30.84,BuildingA_Floor2,TypeA
1100,2025-04-04 04:15:44,23.92,51.58,BuildingA_Floor1,TypeA
1052,2025-04-07 13:48:45,21.74,77.34,BuildingB_Floor2,TypeA
1035,2025-04-03 20:16:34,34.93,50.52,BuildingB_Floor2,TypeB
1035,2025-04-06 00:29:31,17.25,75.97,BuildingA_Floor1,TypeA
1087,2025-04-07 19:47:12,23.03,78.25,BuildingA_Floor2,TypeB
1092,2025-04-03 04:41:06,20.89,75.21,BuildingA_Floor1,TypeC
1100,2025-04-05 07:19:32,24.42,68.42,BuildingB_Floor2,TypeB
1038,2025-04-07 07:50:49,18.44,37.08,BuildingA_Floor2,TypeC
1001,2025-04-04 06:17:46,27.05,68.88,BuildingB_Floor2,TypeA
1093,2025-04-04 20:22:15,15.19,55.17,BuildingB_Floor1,TypeC
1085,2025-04-04 20:32:33,31.03,42.51,BuildingA_Floor1,TypeB
1023,2025-04-05 10:23:16,32.57,52.22,BuildingB_Floor1,TypeC
1086,2025-04-07 06:37:40,30.81,46.48,BuildingA_Floor1,TypeB
1031,2025-04-03 06:23:03,33.7,69.55,BuildingB_Floor2,TypeC
1002,2025-04-06 21:22:13,24.08,35.89,BuildingB_Floor2,TypeC
1051,2025-04-07 20:50:05,21.18,76.55,BuildingB_Floor2,TypeA
1039,2025-04-06 17:42:43,23.65,31.1,BuildingA_Floor2,TypeA
1026,2025-04-03 03:43:09,28.76,46.6,BuildingB_Floor1,TypeA
1081,2025-04-06 13:23:10,22.22,58.75,BuildingB_Floor1,TypeA
1060,2025-04-05 14:56:28,33.8,76.09,BuildingB_Floor1,TypeB
1100,2025-04-04 16:17:06,22.46,39.59,BuildingA_Floor1,TypeC
1020,2025-04-04 11:38:51,33.39,57.24,BuildingB_Floor2,TypeB
1069,2025-04-03 04:20:11,32.27,31.47,BuildingB_Floor2,TypeA
1098,2025-04-07 02:44:04,26.93,39.18,BuildingA_Floor1,TypeA
1071,2025-04-06 05:30:13,29.21,68.36,BuildingB_Floor2,TypeA
1060,2025-04-03 10:38:34,26.33,68.83,BuildingA_Floor1,TypeA
1041,2025-04-06 22:38:22,20.51,40.56,BuildingB_Floor2,TypeB
1056,2025-04-06 15:12:38,34.28,71.14,BuildingA_Floor1,TypeC
1029,2025-04-05 10:05:37,18.6,43.48,BuildingA_Floor1,TypeB
1032,2025-04-03 08:59:51,16.62,44.34,BuildingA_Floor2,TypeC
1080,2025-04-06 07:54:25,28.29,42.3,BuildingB_Floor1,TypeC
1017,2025-04-07 22:34:07,30.46,64.56,BuildingA_Floor2,TypeC
1099,2025-04-07 11:27:36,21.72,34.8,BuildingB_Floor1,TypeC
1011,2025-04-05 06:20:55,26.63,57.62,BuildingB_Floor1,TypeA
1091,2025-04-06 21:47:27,33.24,34.98,BuildingB_Floor1,TypeB
1092,2025-04-07 13:27:56,24.05,55.75,BuildingB_Floor2,TypeB
1056,2025-04-05 08:21:26,27.82,30.16,BuildingB_Floor2,TypeA
1024,2025-04-03 15:51:52,25.11,46.77,BuildingA_Floor2,TypeB
1064,2025-04-07 07:54:19,33.48,51.13,BuildingA_Floor1,TypeB
1088,2025-04-05 04:26:01,18.41,63.51,BuildingA_Floor2,TypeB
1018,2025-04-07 10:13:43,32.37,40.32,BuildingB_Floor1,TypeC
1026,2025-04-05 18:09:51,26.21,42.56,BuildingA_Floor2,TypeB
1052,2025-04-05 10:29:31,15.81,72.95,BuildingB_Floor1,TypeA
1053,2025-04-07 17:29:11,20.61,74.89,BuildingA_Floor1,TypeC
1056,2025-04-03 19:43:20,16.83,68.06,BuildingB_Floor1,TypeC
1086,2025-04-07 22:44:14,17.62,75.93,BuildingA_Floor1,TypeC
1047,2025-04-05 13:10:59,18.59,30.22,BuildingA_Floor1,TypeC
1052,2025-04-03 15:39:47,30.3,46.39,BuildingA_Floor1,TypeB
1095,2025-04-07 14:01:41,23.61,45.66,BuildingA_Floor2,TypeB
1086,2025-04-03 16:10:11,19.0,59.32,BuildingA_Floor2,TypeA
1022,2025-04-07 21:35:27,29.39,73.81,BuildingB_Floor1,TypeC
1091,2025-04-06 00:43:48,33.71,48.01,BuildingB_Floor2,TypeB
1027,2025-04-07 06:32:43,30.31,45.87,BuildingB_Floor2,TypeC
1022,2025-04-06 06:36:26,34.39,77.6,BuildingB_Floor1,TypeC
1081,2025-04-07 08:57:51,17.07,62.64,BuildingA_Floor2,TypeA
1094,2025-04-07 18:51:19,34.68,31.28,BuildingB_Floor1,TypeC
1087,2025-04-04 23:55:22,30.95,48.53,BuildingB_Floor1,TypeC
1036,2025-04-07 13:08:50,24.92,38.84,BuildingA_Floor1,TypeA
1033,2025-04-07 06:20:40,21.39,49.33,BuildingB_Floor2,TypeA
1094,2025-04-04 03:29:44,34.52,53.96,BuildingA_Floor1,TypeA
1017,2025-04-02 23:46:59,20.74,56.64,BuildingB_Floor2,TypeC
1045,2025-04-07 06:31:17,15.12,37.92,BuildingA_Floor1,TypeA
1085,2025-04-03 01:54:12,22.73,50.16,BuildingA_Floor2,TypeC
1033,2025-04-07 06:51:15,15.07,51.41,BuildingB_Floor2,TypeC
1099,2025-04-05 21:39:34,29.45,41.01,BuildingA_Floor2,TypeA
1032,2025-04-03 11:18:43,19.51,34.87,BuildingA_Floor2,TypeC
1054,2025-04-07 02:53:37,32.13,49.48,BuildingB_Floor2,TypeB
1032,2025-04-05 20:29:54,30.1,34.72,BuildingA_Floor1,TypeA
1069,2025-04-03 06:08:07,22.86,54.23,BuildingB_Floor2,TypeC
1082,2025-04-05 00:25:57,30.09,44.28,BuildingB_Floor2,TypeA
1077,2025-04-06 02:54:19,23.15,39.16,BuildingA_Floor2,TypeC
1098,2025-04-06 05:22:58,19.13,53.13,BuildingB_Floor1,TypeA
1023,2025-04-07 04:35:16,34.88,33.04,BuildingA_Floor2,TypeB
1010,2025-04-06 03:36:27,25.43,60.96,BuildingB_Floor2,TypeC
1027,2025-04-06 05:46:04,22.76,70.64,BuildingA_Floor1,TypeC
1002,2025-04-03 20:53:08,21.64,60.46,BuildingA_Floor2,TypeB
1079,2025-04-06 07:53:17,18.16,74.96,BuildingB_Floor2,TypeA
1015,2025-04-06 05:14:31,17.99,76.5,BuildingA_Floor1,TypeA
1051,2025-04-03 00:50:24,22.78,40.33,BuildingB_Floor1,TypeB
1041,2025-04-06 19:52:29,34.0,43.14,BuildingA_Floor1,TypeB
1000,2025-04-04 02:20:27,32.28,72.49,BuildingA_Floor2,TypeB
1012,2025-04-05 08:45:26,18.23,44.59,BuildingA_Floor1,TypeC
1092,2025-04-07 20:35:27,32.12,75.02,BuildingB_Floor2,TypeA
1036,2025-04-05 22:17:31,15.81,36.88,BuildingB_Floor2,TypeC
1011,2025-04-04 02:24:50,18.03,74.11,BuildingB_Floor1,TypeC
1071,2025-04-05 11:33:52,18.16,33.77,BuildingB_Floor1,TypeB
1022,2025-04-04 10:12:31,20.25,36.55,BuildingA_Floor1,TypeB
1042,2025-04-06 16:04:50,27.69,64.63,BuildingA_Floor2,TypeA
1040,2025-04-06 22:21:40,29.05,57.34,BuildingB_Floor1,TypeB
1092,2025-04-05 00:53:50,22.55,64.52,BuildingB_Floor1,TypeC
1052,2025-04-07 03:46:36,23.96,45.2,BuildingB_Floor2,TypeB
1029,2025-04-06 12:54:27,31.65,72.96,BuildingA_Floor1,TypeB
1039,2025-04-07 09:03:44,19.89,51.04,BuildingA_Floor2,TypeB
1097,2025-04-04 18:57:10,21.63,61.81,BuildingA_Floor1,TypeA
1022,2025-04-03 06:33:53,34.06,46.57,BuildingB_Floor2,TypeA
1038,2025-04-04 10:11:48,32.26,38.83,BuildingB_Floor1,TypeC
1037,2025-04-04 16:03:28,21.18,53.97,BuildingB_Floor1,TypeC
1065,2025-04-06 07:58:38,24.44,52.52,BuildingB_Floor2,TypeB
1074,2025-04-05 08:29:13,30.05,30.09,BuildingB_Floor2,TypeB
1097,2025-04-05 14:16:30,20.64,39.97,BuildingB_Floor1,TypeA
1028,2025-04-03 03:00:32,24.01,53.75,BuildingA_Floor1,TypeA
1031,2025-04-06 20:55:52,23.54,72.39,BuildingB_Floor1,TypeA
1017,2025-04-05 15:45:49,23.5,48.62,BuildingA_Floor2,TypeA
1009,2025-04-03 11:00:28,29.2,56.91,BuildingA_Floor1,TypeB
1037,2025-04-03 08:28:37,29.02,37.67,BuildingB_Floor1,TypeC
1057,2025-04-07 20:10:23,34.88,64.03,BuildingA_Floor2,TypeA
1019,2025-04-06 16:55:48,22.55,63.94,BuildingB_Floor1,TypeC
1073,2025-04-05 19:11:37,26.73,49.0,BuildingA_Floor1,TypeA
1034,2025-04-04 13:56:38,33.89,73.58,BuildingA_Floor2,TypeC
1009,2025-04-07 06:13:02,34.43,32.67,BuildingB_Floor2,TypeB
1029,2025-04-07 09:28:08,15.78,36.69,BuildingA_Floor2,TypeB
1023,2025-04-05 19:50:35,19.68,42.73,BuildingA_Floor2,TypeC
1084,2025-04-05 12:22:59,17.97,63.71,BuildingB_Floor1,TypeB
1042,2025-04-03 05:18:58,20.03,49.8,BuildingA_Floor1,TypeA
1006,2025-04-05 05:45:55,23.43,39.47,BuildingB_Floor2,TypeC
1066,2025-04-07 03:12:35,30.58,40.78,BuildingB_Floor1,TypeB
1051,2025-04-06 10:54:17,19.18,61.81,BuildingB_Floor1,TypeB
1049,2025-04-04 13:55:15,24.81,45.41,BuildingB_Floor2,TypeB
1012,2025-04-05 15:47:40,21.24,46.24,BuildingA_Floor1,TypeB
1084,2025-04-05 03:21:50,20.9,57.07,BuildingB_Floor1,TypeB
1011,2025-04-06 14:33:55,30.63,65.68,BuildingA_Floor2,TypeC
1001,2025-04-07 17:49:03,17.46,51.46,BuildingA_Floor1,TypeC
1094,2025-04-04 10:16:43,16.74,58.81,BuildingB_Floor1,TypeA
1046,2025-04-07 16:28:40,25.07,74.21,BuildingA_Floor2,TypeC
1005,2025-04-04 02:42:24,21.52,31.11,BuildingB_Floor1,TypeC
1100,2025-04-05 13:57:40,29.71,46.0,BuildingB_Floor1,TypeA
1061,2025-04-04 03:26:18,17.1,42.91,BuildingB_Floor2,TypeB
1036,2025-04-03 07:51:44,23.3,52.27,BuildingB_Floor1,TypeA
1045,2025-04-04 11:45:22,27.9,35.66,BuildingB_Floor1,TypeB
1072,2025-04-03 18:11:22,18.35,60.76,BuildingA_Floor1,TypeA
1063,2025-04-05 04:21:37,31.54,54.66,BuildingA_Floor2,TypeC
1018,2025-04-04 04:47:28,15.77,68.92,BuildingB_Floor2,TypeC
1071,2025-04-04 05:05:46,25.76,43.73,BuildingA_Floor2,TypeB
1031,2025-04-03 17:09:30,20.33,59.65,BuildingB_Floor2,TypeA
1070,2025-04-07 20:39:33,24.74,77.25,BuildingA_Floor1,TypeC
1074,2025-04-05 21:21:09,20.63,32.67,BuildingA_Floor2,TypeB
1048,2025-04-04 01:24:26,22.88,62.79,BuildingA_Floor2,TypeA
1074,2025-04-04 07:06:42,15.81,47.31,BuildingA_Floor2,TypeA
1100,2025-04-07 16:22:02,17.49,73.59,BuildingA_Floor1,TypeC
1006,2025-04-04 01:33:06,29.05,76.47,BuildingB_Floor1,TypeB
1061,2025-04-05 19:46:56,16.43,34.23,BuildingA_Floor2,TypeC
1069,2025-04-04 23:21:22,16.67,63.32,BuildingA_Floor1,TypeB
1091,2025-04-06 04:18:39,32.73,73.58,BuildingA_Floor1,TypeA
1077,2025-04-06 07:07:00,17.59,69.18,BuildingB_Floor2,TypeC
1015,2025-04-06 05:40:13,21.71,46.65,BuildingA_Floor1,TypeC
1016,2025-04-04 20:42:49,15.52,36.15,BuildingB_Floor1,TypeA
1065,2025-04-06 06:42:00,27.86,47.62,BuildingA_Floor2,TypeB
1008,2025-04-06 15:17:03,27.03,71.72,BuildingB_Floor1,TypeA
1054,2025-04-04 03:16:15,23.81,72.63,BuildingA_Floor2,TypeB
1074,2025-04-05 09:16:56,15.04,50.94,BuildingB_Floor1,TypeA
1048,2025-04-05 23:27:25,17.94,43.86,BuildingB_Floor2,TypeA
1002,2025-04-03 03:30:35,32.9,75.48,BuildingB_Floor2,TypeA
1093,2025-04-04 10:31:17,15.78,74.32,BuildingA_Floor1,TypeA
1024,2025-04-06 19:18:19,17.98,67.93,BuildingA_Floor1,TypeB
1062,2025-04-06 00:43:44,17.43,79.16,BuildingA_Floor2,TypeA
